440;//cdn.baz-on.ru/pub/c1890/productphoto/0000/00/0000_00_336.jpg, //cdn.baz-on.ru/pub/c1890/productphoto/0000/00/0000_00_337.jpg, //cdn.baz-on.ru/pub/c1890/productphoto/0000/00/0000_00_338.jpg;Заглушка блокировки АКПП;Honda;Civic 8;FD1 (седан);1.8 (R18A);2006;600;;;;;;Санкт-Петербург;;FD1-1005072;Honda;77297SNB003ZB;;;Контракт;1
330;;Плафон подсветки перчаточного ящика;Honda;Civic 8;FD1 (седан);1.8 (R18A);2006;150;;;;Идеальное состояние, пробег 44 000 км;;Санкт-Петербург;;FD1-1005072;HONDA;34254SNA003;;;Контракт;1
329;//cdn.baz-on.ru/pub/c1890/productphoto/0000/00/0000_00_120.jpg, //cdn.baz-on.ru/pub/c1890/productphoto/0000/00/0000_00_121.jpg;Выключатель концевой;Honda;Civic 8;FD1 (седан);1.8 (R18A);2006;100;;;;Идеальное состояние, пробег 44 000 км;;Санкт-Петербург;;FD1-1005072;HONDA;35400S5A013;;;Контракт;1
328;;Плафон освещения багажника;Honda;Civic 8;FD1 (седан);1.8 (R18A);2006;150;;;;Идеальное состояние, пробег 44 000 км;;Санкт-Петербург;;FD1-1005072;HONDA;34261S5A003;;;Контракт;1
327;//cdn.baz-on.ru/pub/c1890/productphoto/0000/00/0000_00_214.jpg;Тройник (фланец) системы охлаждения;Honda;Civic 8;FD1 (седан);1.8 (R18A);2006;250;;;;Идеальное состояние, пробег 44 000 км;;Санкт-Петербург;;FD1-1005072;HONDA;19425RNAJ00;;;Контракт;1
310;//cdn.baz-on.ru/pub/c1890/productphoto/0000/00/0000_00_215.jpg;Кронштейн компрессора кондиционера;Honda;Civic 8;FD1 (седан);1.8 (R18A);2006;1000;;;;Идеальное состояние, пробег 44 000 км;;Санкт-Петербург;;FD1-1005072;HONDA;38930RNAA00;;;Контракт;1
309;//cdn.baz-on.ru/pub/c1890/productphoto/0000/00/0000_00_216.jpg;Кронштейн задней опоры ДВС;Honda;Civic 8;FD1 (седан);1.8 (R18A);2006;800;;;;Идеальное состояние, пробег 44 000 км;;Санкт-Петербург;;FD1-1005072;HONDA;50690SNAA80;;;Контракт;1
308;//cdn.baz-on.ru/pub/c1890/productphoto/0000/00/0000_00_002.jpg, //cdn.baz-on.ru/pub/c1890/productphoto/0000/00/0000_00_003.jpg, //cdn.baz-on.ru/pub/c1890/productphoto/0000/00/0000_00_004.jpg, //cdn.baz-on.ru/pub/c1890/productphoto/0000/00/0000_00_228.jpg;Датчик удара;Honda;Civic 8;FD1 (седан);1.8 (R18A);2006;1800;;;;Идеальное состояние, пробег 44 000 км;;Санкт-Петербург;;FD1-1005072;HONDA;77930SNAA32;;;Контракт;1
307;//cdn.baz-on.ru/pub/c1890/productphoto/0000/00/0000_00_005.jpg, //cdn.baz-on.ru/pub/c1890/productphoto/0000/00/0000_00_006.jpg, //cdn.baz-on.ru/pub/c1890/productphoto/0000/00/0000_00_007.jpg, //cdn.baz-on.ru/pub/c1890/productphoto/0000/00/0000_00_228.jpg;Датчик удара;Honda;Civic 8;FD1 (седан);1.8 (R18A);2006;1800;;;;Идеальное состояние, пробег 44 000 км;;Санкт-Петербург;;FD1-1005072;HONDA;77930SNAA32;;;Контракт;1
306;;Площадка АКБ;Honda;Civic 8;FD1 (седан);1.8 (R18A);2006;800;;;;Идеальное состояние, пробег 44 000 км;;Санкт-Петербург;;FD1-1005072;HONDA;60630SNAU00ZZ;;;Контракт;1
305;//cdn.baz-on.ru/pub/c1890/productphoto/0000/00/0000_00_217.jpg;Корпус термостата;Honda;Civic 8;FD1 (седан);1.8 (R18A);2006;1500;;;;Идеальное состояние, пробег 44 000 км;;Санкт-Петербург;;FD1-1005072;HONDA;19320RNAA50;;;Контракт;1
304;;Трубка рециркуляции отработавших  газов;Honda;Civic 8;FD1 (седан);1.8 (R18A);2006;450;;;;Идеальное состояние, пробег 44 000 км;;Санкт-Петербург;;FD1-1005072;HONDA;18717RNAA00;;;Контракт;1
303;//cdn.baz-on.ru/pub/c1890/productphoto/0000/00/0000_00_130.jpg, //cdn.baz-on.ru/pub/c1890/productphoto/0000/00/0000_00_131.jpg;Клапан рециркуляции выхлопных газов (EGR);Honda;Civic 8;FD1 (седан);1.8 (R18A);2006;2700;;;;Идеальное состояние, пробег 44 000 км;;Санкт-Петербург;;FD1-1005072;HONDA;18011RNAJ00;;;Контракт;1
302;//cdn.baz-on.ru/pub/c1890/productphoto/0000/00/0000_00_122.jpg, //cdn.baz-on.ru/pub/c1890/productphoto/0000/00/0000_00_123.jpg;Датчик кислородный (нижний);Honda;Civic 8;FD1 (седан);1.8 (R18A);2006;4000;;;;Идеальное состояние, пробег 44 000 км;;Санкт-Петербург;;FD1-1005072;HONDA;36532RNAA01;;;Контракт;1
301;;Пыльник переднего правого крыла;Honda;Civic 8;FD1 (седан);1.8 (R18A);2006;1500;;;;Идеальное состояние, пробег 44 000 км;;Санкт-Петербург;;FD1-1005072;HONDA;74206SNAA00;;;Контракт;1
300;;Пыльник переднего левого крыла;Honda;Civic 8;FD1 (седан);1.8 (R18A);2006;2200;;;;Идеальное состояние, пробег 44 000 км;;Санкт-Петербург;;FD1-1005072;HONDA;74207SNAA00;;;Контракт;1
299;;Корпус салонного фильтра;Honda;Civic 8;FD1 (седан);1.8 (R18A);2006;1200;;;;Идеальное состояние, пробег 44 000 км;;Санкт-Петербург;;FD1-1005072;HONDA;80290SFY003;;;Контракт;1
298;//cdn.baz-on.ru/pub/c1890/productphoto/0000/00/0000_00_124.jpg;Патрубок радиатора нижний;Honda;Civic 8;FD1 (седан);1.8 (R18A);2006;1300;;;;Идеальное состояние, пробег 44 000 км;;Санкт-Петербург;;FD1-1005072;HONDA;19502RNAA01;;;Контракт;1
297;//cdn.baz-on.ru/pub/c1890/productphoto/0000/00/0000_00_124.jpg;Патрубок радиатора верхний;Honda;Civic 8;FD1 (седан);1.8 (R18A);2006;1200;;;;Идеальное состояние, пробег 44 000 км;;Санкт-Петербург;;FD1-1005072;HONDA;19501RNAA01;;;Контракт;1
296;//cdn.baz-on.ru/pub/c1890/productphoto/0000/00/0000_00_218.jpg, //cdn.baz-on.ru/pub/c1890/productphoto/0000/00/0000_00_219.jpg;Бачек расширительный;Honda;Civic 8;FD1 (седан);1.8 (R18A);2006;1900;;;;Идеальное состояние, пробег 44 000 км;;Санкт-Петербург;;FD1-1005072;HONDA;19101RNAA01;;;Контракт;1
295;;Тепловой экран глушителя (первая часть);Honda;Civic 8;FD1 (седан);1.8 (R18A);2006;900;;;;Идеальное состояние, пробег 44 000 км;;Санкт-Петербург;;FD1-1005072;HONDA;74252SNAA00;;;Контракт;1
294;;Крышка топливного бака;Honda;Civic 8;FD1 (седан);1.8 (R18A);2006;1300;;;;Идеальное состояние, пробег 44 000 км;;Санкт-Петербург;;FD1-1005072;HONDA;17670SJA013;;;Контракт;1
293;//cdn.baz-on.ru/pub/c1890/productphoto/0000/00/0000_00_134.jpg;Лючок бензобака;Honda;Civic 8;FD1 (седан);1.8 (R18A);2006;1800;;;;Идеальное состояние, пробег 44 000 км;;Санкт-Петербург;;FD1-1005072;HONDA;63910SNAA00ZZ;;;Контракт;1
292;//cdn.baz-on.ru/pub/c1890/productphoto/0000/00/0000_00_115.jpg, //cdn.baz-on.ru/pub/c1890/productphoto/0000/00/0000_00_116.jpg;Замок багажника;Honda;Civic 8;FD1 (седан);1.8 (R18A);2006;7500;;;;Идеальное состояние, пробег 44 000 км;;Санкт-Петербург;;FD1-1005072;HONDA;74851SNBJ11;;;Контракт;1
291;;Замок капота;Honda;Civic 8;FD1 (седан);1.8 (R18A);2006;2000;;;;Идеальное состояние, пробег 44 000 км;;Санкт-Петербург;;FD1-1005072;HONDA;74120SNBU01;;;Контракт;1
290;//cdn.baz-on.ru/pub/c1890/productphoto/0000/00/0000_00_114.jpg;Петля капота левая;Honda;Civic 8;FD1 (седан);1.8 (R18A);2006;1500;;;;Идеальное состояние, пробег 44 000 км;;Санкт-Петербург;;FD1-1005072;HONDA;60170SNAA00ZZ;;;Контракт;1
289;//cdn.baz-on.ru/pub/c1890/productphoto/0000/00/0000_00_114.jpg;Петля капота правая;Honda;Civic 8;FD1 (седан);1.8 (R18A);2006;1500;;;;Идеальное состояние, пробег 44 000 км;;Санкт-Петербург;;FD1-1005072;HONDA;60120SNAA00ZZ;;;Контракт;1
288;;Блок ABS;Honda;Civic 8;FD1 (седан);1.8 (R18A);2006;10300;;;;Идеальное состояние, пробег 44 000 км;;Санкт-Петербург;;FD1-1005072;HONDA;57110SNAA53;;;Контракт;1
287;//cdn.baz-on.ru/pub/c1890/productphoto/0000/00/0000_00_135.jpg, //cdn.baz-on.ru/pub/c1890/productphoto/0000/00/0000_00_136.jpg, //cdn.baz-on.ru/pub/c1890/productphoto/0000/00/0000_00_137.jpg, //cdn.baz-on.ru/pub/c1890/productphoto/0000/00/0000_00_138.jpg;Вакуумный усилитель тормозов;Honda;Civic 8;FD1 (седан);1.8 (R18A);2006;2000;;;;Идеальное состояние, пробег 44 000 км;;Санкт-Петербург;;FD1-1005072;HONDA;01469SNB000;;;Контракт;1
286;//cdn.baz-on.ru/pub/c1890/productphoto/0000/00/0000_00_139.jpg, //cdn.baz-on.ru/pub/c1890/productphoto/0000/00/0000_00_140.jpg, //cdn.baz-on.ru/pub/c1890/productphoto/0000/00/0000_00_141.jpg, //cdn.baz-on.ru/pub/c1890/productphoto/0000/00/0000_00_142.jpg, //cdn.baz-on.ru/pub/c1890/productphoto/0000/00/0000_00_143.jpg, //cdn.baz-on.ru/pub/c1890/productphoto/0000/00/0000_00_144.jpg;Главный тормозной цилиндр;Honda;Civic 8;FD1 (седан);1.8 (R18A);2006;3200;;;;Идеальное состояние, пробег 44 000 км;;Санкт-Петербург;;FD1-1005072;HONDA;46100SNA003;;;Контракт;1
285;//cdn.baz-on.ru/pub/c1890/productphoto/0000/00/0000_00_128.jpg;Клапан VTEC с датчиком давления;Honda;Civic 8;FD1 (седан);1.8 (R18A);2006;8100;;;;Идеальное состояние, пробег 44 000 км;;Санкт-Петербург;;FD1-1005072;HONDA;15810RNAA01;;;Контракт;1
284;//cdn.baz-on.ru/pub/c1890/productphoto/0000/00/0000_00_119.jpg;Патрубок системы охлаждения (металл);Honda;Civic 8;FD1 (седан);1.8 (R18A);2006;2000;;;;Идеальное состояние, пробег 44 000 км;;Санкт-Петербург;;FD1-1005072;HONDA;19505RNAA00;;;Контракт;1
283;//cdn.baz-on.ru/pub/c1890/productphoto/0000/00/0000_00_145.jpg, //cdn.baz-on.ru/pub/c1890/productphoto/0000/00/0000_00_146.jpg, //cdn.baz-on.ru/pub/c1890/productphoto/0000/00/0000_00_147.jpg, //cdn.baz-on.ru/pub/c1890/productphoto/0000/00/0000_00_148.jpg, //cdn.baz-on.ru/pub/c1890/productphoto/0000/00/0000_00_149.jpg, //cdn.baz-on.ru/pub/c1890/productphoto/0000/00/0000_00_150.jpg;Молдинг крыши левый;Honda;Civic 8;FD1 (седан);1.8 (R18A);2006;2500;;;;Идеальное состояние, пробег 44 000 км;;Санкт-Петербург;;FD1-1005072;HONDA;73168SNA013;;;Контракт;1
282;//cdn.baz-on.ru/pub/c1890/productphoto/0000/00/0000_00_145.jpg, //cdn.baz-on.ru/pub/c1890/productphoto/0000/00/0000_00_146.jpg, //cdn.baz-on.ru/pub/c1890/productphoto/0000/00/0000_00_147.jpg, //cdn.baz-on.ru/pub/c1890/productphoto/0000/00/0000_00_148.jpg, //cdn.baz-on.ru/pub/c1890/productphoto/0000/00/0000_00_149.jpg, //cdn.baz-on.ru/pub/c1890/productphoto/0000/00/0000_00_150.jpg;Молдинг крыши правый;Honda;Civic 8;FD1 (седан);1.8 (R18A);2006;2500;;;;Идеальное состояние, пробег 44 000 км;;Санкт-Петербург;;FD1-1005072;HONDA;73158SNA013;;;Контракт;1
275;//cdn.baz-on.ru/pub/c1890/productphoto/0000/00/0000_00_239.jpg, //cdn.baz-on.ru/pub/c1890/productphoto/0000/00/0000_00_240.jpg, //cdn.baz-on.ru/pub/c1890/productphoto/0000/00/0000_00_241.jpg, //cdn.baz-on.ru/pub/c1890/productphoto/0000/00/0000_00_242.jpg, //cdn.baz-on.ru/pub/c1890/productphoto/0000/00/0000_00_243.jpg;Трубки ABS (магистраль) от блока;Honda;Civic 8;FD1 (седан);1.8 (R18A);2006;1000;;;;Идеальное состояние, пробег 44 000 км;;Санкт-Петербург;;FD1-1005072;HONDA;46379SNA010;;;Контракт;1
274;//cdn.baz-on.ru/pub/c1890/productphoto/0000/00/0000_00_054.jpg;Шланг тормозной задний левый;Honda;Civic 8;FD1 (седан);1.8 (R18A);2006;250;;;;Идеальное состояние, пробег 44 000 км;;Санкт-Петербург;;FD1-1005072;HONDA;01468SNAJ01;;;Контракт;1
273;//cdn.baz-on.ru/pub/c1890/productphoto/0000/00/0000_00_054.jpg;Шланг тормозной задний правый;Honda;Civic 8;FD1 (седан);1.8 (R18A);2006;250;;;;Идеальное состояние, пробег 44 000 км;;Санкт-Петербург;;FD1-1005072;HONDA;01466SNAJ01;;;Контракт;1
272;//cdn.baz-on.ru/pub/c1890/productphoto/0000/00/0000_00_054.jpg;Шланг тормозной передний левый;Honda;Civic 8;FD1 (седан);1.8 (R18A);2006;400;;;;Идеальное состояние, пробег 44 000 км;;Санкт-Петербург;;FD1-1005072;HONDA;01465SNAA01;;;Контракт;1
271;//cdn.baz-on.ru/pub/c1890/productphoto/0000/00/0000_00_054.jpg;Шланг тормозной передний правый;Honda;Civic 8;FD1 (седан);1.8 (R18A);2006;400;;;;Идеальное состояние, пробег 44 000 км;;Санкт-Петербург;;FD1-1005072;HONDA;01464SNAA01;;;Контракт;1
270;;Разъем электропроводки для двухкотактной лампы заднего фонаря;Honda;Civic 8;FD1 (седан);1.8 (R18A);2006;500;;;;Идеальное состояние, пробег 44 000 км;;Санкт-Петербург;;FD1-1005072;HONDA;33515S50003;;;Контракт;1
269;;Разъем электропроводки для двухкотактной лампы заднего фонаря;Honda;Civic 8;FD1 (седан);1.8 (R18A);2006;500;;;;Идеальное состояние, пробег 44 000 км;;Санкт-Петербург;;FD1-1005072;HONDA;33515S50003;;;Контракт;1
268;;Тепловой экран задней части глушителя;Honda;Civic 8;FD1 (седан);1.8 (R18A);2006;2300;;;;Идеальное состояние, пробег 44 000 км;;Санкт-Петербург;;FD1-1005072;HONDA;74655SNAA00;;;Контракт;1
264;;Переключатель регулировки зеркал;Honda;Civic 8;FD1 (седан);1.8 (R18A);2006;180;;;;Идеальное состояние, пробег 44 000 км;;Санкт-Петербург;;FD1-1005072;HONDA;35190SNAJ01;;;Контракт;1
263;;Кнопка стеклоподъемника L/R;Honda;Civic 8;FD1 (седан);1.8 (R18A);2006;150;;;;Идеальное состояние, пробег 44 000 км;;Санкт-Петербург;;FD1-1005072;HONDA;35760SNAJ02ZA;;;Контракт;1
262;;Кнопка стеклоподъемника L/R;Honda;Civic 8;FD1 (седан);1.8 (R18A);2006;150;;;;Идеальное состояние, пробег 44 000 км;;Санкт-Петербург;;FD1-1005072;HONDA;35760SNAJ02ZA;;;Контракт;1
261;;Кнопка стеклоподъемника L/R;Honda;Civic 8;FD1 (седан);1.8 (R18A);2006;150;;;;Идеальное состояние, пробег 44 000 км;;Санкт-Петербург;;FD1-1005072;HONDA;35760SNAJ02ZA;;;Контракт;1
260;;Накладка блока управления стеклоподъемниками задняя правая;Honda;Civic 8;FD1 (седан);1.8 (R18A);2006;200;;;;Идеальное состояние, пробег 44 000 км;;Санкт-Петербург;;FD1-1005072;HONDA;83741SNBG01ZB;;;Контракт;1
259;;Накладка блока управления стеклоподъемниками задняя левая;Honda;Civic 8;FD1 (седан);1.8 (R18A);2006;200;;;;Идеальное состояние, пробег 44 000 км;;Санкт-Петербург;;FD1-1005072;HONDA;83791SNBG01ZB;;;Контракт;1
258;//cdn.baz-on.ru/pub/c1890/productphoto/0000/00/0000_00_227.jpg;Кронштейн крепления топливного бака;Honda;Civic 8;FD1 (седан);1.8 (R18A);2006;1000;;;;Идеальное состояние, пробег 44 000 км;;Санкт-Петербург;;FD1-1005072;HONDA;17520SNA000;;;Контракт;1
249;//cdn.baz-on.ru/pub/c1890/productphoto/0000/00/0000_00_236.jpg;Обшивка передней стойки левая;Honda;Civic 8;FD1 (седан);1.8 (R18A);2006;250;;;;Идеальное состояние, пробег 44 000 км;;Санкт-Петербург;;FD1-1005072;HONDA;84151SNAA01ZB;;;Контракт;1
248;//cdn.baz-on.ru/pub/c1890/productphoto/0000/00/0000_00_236.jpg;Обшивка передней стойки правая;Honda;Civic 8;FD1 (седан);1.8 (R18A);2006;250;;;;Идеальное состояние, пробег 44 000 км;;Санкт-Петербург;;FD1-1005072;HONDA;84101SNAA01ZB;;;Контракт;1
241;//cdn.baz-on.ru/pub/c1890/productphoto/0000/00/0000_00_032.jpg, //cdn.baz-on.ru/pub/c1890/productphoto/0000/00/0000_00_033.jpg, //cdn.baz-on.ru/pub/c1890/productphoto/0000/00/0000_00_034.jpg;Рейка топливная в сборе (рампа + форсунки);Honda;Civic 8;FD1 (седан);1.8 (R18A);2006;2000;;;;Отличное состояние, без дефектов;;Санкт-Петербург;;FD1-1005072;HONDA;16620RAAA01;;;Контракт;1
228;;Абсорбер (бачок для паров бензина);Honda;Civic 8;FD1 (седан);1.8 (R18A);2006;100;;;;Идеальное состояние, пробег 44 000 км;;Санкт-Петербург;;FD1-1005072;HONDA;17300SNA003;;;Контракт;1
227;;Стекло кузовное глухое левое;Honda;Civic 8;FD1 (седан);1.8 (R18A);2006;1000;;;;Идеальное состояние, пробег 44 000 км;;Санкт-Петербург;;FD1-1005072;HONDA;73371SNAA01;;;Контракт;1
226;//cdn.baz-on.ru/pub/c1890/productphoto/0000/00/0000_00_226.jpg;Стекло кузовное глухое правое;Honda;Civic 8;FD1 (седан);1.8 (R18A);2006;1100;;;;Идеальное состояние, пробег 44 000 км;;Санкт-Петербург;;FD1-1005072;HONDA;73331SNAA01;;;Контракт;1
225;;Ответная часть ремня безопасности задняя;Honda;Civic 8;FD1 (седан);1.8 (R18A);2006;300;;;;Идеальное состояние, пробег 44 000 км;;Санкт-Петербург;;FD1-1005072;HONDA;82455SNAA01ZC;;;Контракт;1
224;;Ремень безопасности внутренний (центр);Honda;Civic 8;FD1 (седан);1.8 (R18A);2006;200;;;;Идеальное состояние, пробег 44 000 км;;Санкт-Петербург;;FD1-1005072;HONDA;82456SNAA00;;;Контракт;1
223;;Ремень безопасности задний левый;Honda;Civic 8;FD1 (седан);1.8 (R18A);2006;200;;;;Идеальное состояние, пробег 44 000 км;;Санкт-Петербург;;FD1-1005072;HONDA;82850SNAU01ZC;;;Контракт;1
222;;Ремень безопасности задний правый;Honda;Civic 8;FD1 (седан);1.8 (R18A);2006;200;;;;Идеальное состояние, пробег 44 000 км;;Санкт-Петербург;;FD1-1005072;HONDA;82450SNAU01ZC;;;Контракт;1
221;;Воздуховод печки задний;Honda;Civic 8;FD1 (седан);1.8 (R18A);2006;500;;;;Идеальное состояние, пробег 44 000 км;;Санкт-Петербург;;FD1-1005072;HONDA;83331SNA000;;;Контракт;1
219;;Блок управления рулевой рейки;Honda;Civic 8;FD1 (седан);1.8 (R18A);2006;1200;;;;Идеальное состояние, пробег 44 000 км;;Санкт-Петербург;;FD1-1005072;HONDA;39980SNB003;;;Контракт;1
218;;Плафон центральный (маленький);Honda;Civic 8;FD1 (седан);1.8 (R18A);2006;150;;;;Идеальное состояние, пробег 44 000 км;;Санкт-Петербург;;FD1-1005072;HONDA;34252SNA003ZB;;;Контракт;1
217;;Воздуховод центральный;Honda;Civic 8;FD1 (седан);1.8 (R18A);2006;250;;;;Идеальное состояние, пробег 44 000 км;;Санкт-Петербург;;FD1-1005072;HONDA;83332-SNA-A00;;;Контракт;1
216;//cdn.baz-on.ru/pub/c1890/productphoto/0000/00/0000_00_237.jpg, //cdn.baz-on.ru/pub/c1890/productphoto/0000/00/0000_00_238.jpg;Плафон;Honda;Civic 8;FD1 (седан);1.8 (R18A);2006;400;;;;Идеальное состояние, пробег 44 000 км;;Санкт-Петербург;;FD1-1005072;HONDA;34404SNAA11ZB;;;Контракт;1
215;;Молдинг передней правой форточки;Honda;Civic 8;FD1 (седан);1.8 (R18A);2006;1200;;;;Идеальное состояние, пробег 44 000 км;;Санкт-Петербург;;FD1-1005072;HONDA;73335SNA003;;;Контракт;1
214;;Уплотнитель задней дери внутренний левый;Honda;Civic 8;FD1 (седан);1.8 (R18A);2006;500;;;;Идеальное состояние, пробег 44 000 км;;Санкт-Петербург;;FD1-1005072;HONDA;72855SNAA01ZE;;;Контракт;1
213;;Уплотнитель задней дери внутренний правый;Honda;Civic 8;FD1 (седан);1.8 (R18A);2006;500;;;;Идеальное состояние, пробег 44 000 км;;Санкт-Петербург;;FD1-1005072;HONDA;72815SNAA01ZE;;;Контракт;1
212;;Уплотнитель передней двери внутренний левый;Honda;Civic 8;FD1 (седан);1.8 (R18A);2006;500;;;;Идеальное состояние, пробег 44 000 км;;Санкт-Петербург;;FD1-1005072;HONDA;72355SNAA01ZE;;;Контракт;1
211;;Уплотнитель передней двери внутренний правый;Honda;Civic 8;FD1 (седан);1.8 (R18A);2006;500;;;;Идеальное состояние, пробег 44 000 км;;Санкт-Петербург;;FD1-1005072;HONDA;72315SNAA01ZE;;;Контракт;1
210;;Подстаканник;Honda;Civic 8;FD1 (седан);1.8 (R18A);2006;600;;;;Идеальное состояние, пробег 44 000 км;;Санкт-Петербург;;FD1-1005072;HONDA;77230SNB003ZA;;;Контракт;1
209;;Крышка бачка омывателя;Honda;Civic 8;FD1 (седан);1.8 (R18A);2006;400;;;;Идеальное состояние, пробег 44 000 км;;Санкт-Петербург;;FD1-1005072;HONDA;76802SJD003;;;Контракт;1
206;//cdn.baz-on.ru/pub/c1890/productphoto/0000/00/0000_00_245.jpg;Динамик;Honda;Civic 8;FD1 (седан);1.8 (R18A);2006;150;;;;Идеальное состояние, пробег 44 000 км;;Санкт-Петербург;;FD1-1005072;HONDA;39120SLJ901;;;Контракт;1
205;//cdn.baz-on.ru/pub/c1890/productphoto/0000/00/0000_00_245.jpg;Динамик;Honda;Civic 8;FD1 (седан);1.8 (R18A);2006;150;;;;Идеальное состояние, пробег 44 000 км;;Санкт-Петербург;;FD1-1005072;HONDA;39120SLJ901;;;Контракт;1
204;//cdn.baz-on.ru/pub/c1890/productphoto/0000/00/0000_00_245.jpg;Динамик;Honda;Civic 8;FD1 (седан);1.8 (R18A);2006;150;;;;Идеальное состояние, пробег 44 000 км;;Санкт-Петербург;;FD1-1005072;HONDA;39120SLJ901;;;Контракт;1
203;//cdn.baz-on.ru/pub/c1890/productphoto/0000/00/0000_00_245.jpg;Динамик;Honda;Civic 8;FD1 (седан);1.8 (R18A);2006;150;;;;Идеальное состояние, пробег 44 000 км;;Санкт-Петербург;;FD1-1005072;HONDA;39120SLJ901;;;Контракт;1
202;;Клемма аккумулятора (минус);Honda;Civic 8;FD1 (седан);1.8 (R18A);2006;1000;;;;Идеальное состояние, пробег 44 000 км;;Санкт-Петербург;;FD1-1005072;HONDA;32600SNA000;;;Контракт;1
199;;Моторчик отопителя;Honda;Civic 8;FD1 (седан);1.8 (R18A);2006;3000;;;;Идеальное состояние, пробег 44 000 км;;Санкт-Петербург;;FD1-1005072;HONDA;79310SNB013;;;Контракт;1
198;//cdn.baz-on.ru/pub/c1890/productphoto/0000/00/0000_00_209.jpg, //cdn.baz-on.ru/pub/c1890/productphoto/0000/00/0000_00_210.jpg, //cdn.baz-on.ru/pub/c1890/productphoto/0000/00/0000_00_211.jpg, //cdn.baz-on.ru/pub/c1890/productphoto/0000/00/0000_00_212.jpg, //cdn.baz-on.ru/pub/c1890/productphoto/0000/00/0000_00_213.jpg;Замок двери задней левой;Honda;Civic 8;FD1 (седан);1.8 (R18A);2006;200;;;;Идеальное состояние, пробег 44 000 км;;Санкт-Петербург;;FD1-1005072;HONDA;72650SNAC01;;;Контракт;1
197;//cdn.baz-on.ru/pub/c1890/productphoto/0000/00/0000_00_203.jpg, //cdn.baz-on.ru/pub/c1890/productphoto/0000/00/0000_00_204.jpg, //cdn.baz-on.ru/pub/c1890/productphoto/0000/00/0000_00_205.jpg, //cdn.baz-on.ru/pub/c1890/productphoto/0000/00/0000_00_206.jpg, //cdn.baz-on.ru/pub/c1890/productphoto/0000/00/0000_00_207.jpg, //cdn.baz-on.ru/pub/c1890/productphoto/0000/00/0000_00_208.jpg;Замок двери задней правой;Honda;Civic 8;FD1 (седан);1.8 (R18A);2006;500;;;;Идеальное состояние, пробег 44 000 км;;Санкт-Петербург;;FD1-1005072;HONDA;72610SNAC01;;;Контракт;1
196;//cdn.baz-on.ru/pub/c1890/productphoto/0000/00/0000_00_183.jpg, //cdn.baz-on.ru/pub/c1890/productphoto/0000/00/0000_00_184.jpg, //cdn.baz-on.ru/pub/c1890/productphoto/0000/00/0000_00_185.jpg, //cdn.baz-on.ru/pub/c1890/productphoto/0000/00/0000_00_186.jpg, //cdn.baz-on.ru/pub/c1890/productphoto/0000/00/0000_00_187.jpg, //cdn.baz-on.ru/pub/c1890/productphoto/0000/00/0000_00_188.jpg, //cdn.baz-on.ru/pub/c1890/productphoto/0000/00/0000_00_189.jpg, //cdn.baz-on.ru/pub/c1890/productphoto/0000/00/0000_00_190.jpg, //cdn.baz-on.ru/pub/c1890/productphoto/0000/00/0000_00_191.jpg, //cdn.baz-on.ru/pub/c1890/productphoto/0000/00/0000_00_192.jpg;Ручка двери задней внутренняя левая;Honda;Civic 8;FD1 (седан);1.8 (R18A);2006;200;;;;Идеальное состояние, пробег 44 000 км;;Санкт-Петербург;;FD1-1005072;HONDA;72660SNAA21ZB;;;Контракт;1
195;//cdn.baz-on.ru/pub/c1890/productphoto/0000/00/0000_00_183.jpg, //cdn.baz-on.ru/pub/c1890/productphoto/0000/00/0000_00_184.jpg, //cdn.baz-on.ru/pub/c1890/productphoto/0000/00/0000_00_185.jpg, //cdn.baz-on.ru/pub/c1890/productphoto/0000/00/0000_00_186.jpg, //cdn.baz-on.ru/pub/c1890/productphoto/0000/00/0000_00_187.jpg, //cdn.baz-on.ru/pub/c1890/productphoto/0000/00/0000_00_188.jpg, //cdn.baz-on.ru/pub/c1890/productphoto/0000/00/0000_00_189.jpg, //cdn.baz-on.ru/pub/c1890/productphoto/0000/00/0000_00_190.jpg, //cdn.baz-on.ru/pub/c1890/productphoto/0000/00/0000_00_191.jpg, //cdn.baz-on.ru/pub/c1890/productphoto/0000/00/0000_00_192.jpg;Ручка двери задней внутренняя правая;Honda;Civic 8;FD1 (седан);1.8 (R18A);2006;200;;;;Идеальное состояние, пробег 44 000 км;;Санкт-Петербург;;FD1-1005072;HONDA;72620SNAA21ZB;;;Контракт;1
194;//cdn.baz-on.ru/pub/c1890/productphoto/0000/00/0000_00_176.jpg, //cdn.baz-on.ru/pub/c1890/productphoto/0000/00/0000_00_177.jpg, //cdn.baz-on.ru/pub/c1890/productphoto/0000/00/0000_00_178.jpg, //cdn.baz-on.ru/pub/c1890/productphoto/0000/00/0000_00_179.jpg, //cdn.baz-on.ru/pub/c1890/productphoto/0000/00/0000_00_180.jpg, //cdn.baz-on.ru/pub/c1890/productphoto/0000/00/0000_00_181.jpg, //cdn.baz-on.ru/pub/c1890/productphoto/0000/00/0000_00_182.jpg;Ручка двери задняя наружная левая;Honda;Civic 8;FD1 (седан);1.8 (R18A);2006;1000;;;;Идеальное состояние, пробег 44 000 км;;Санкт-Петербург;;FD1-1005072;HONDA;72180SNAT01ZH;;;Контракт;1
193;//cdn.baz-on.ru/pub/c1890/productphoto/0000/00/0000_00_176.jpg, //cdn.baz-on.ru/pub/c1890/productphoto/0000/00/0000_00_177.jpg, //cdn.baz-on.ru/pub/c1890/productphoto/0000/00/0000_00_178.jpg, //cdn.baz-on.ru/pub/c1890/productphoto/0000/00/0000_00_179.jpg, //cdn.baz-on.ru/pub/c1890/productphoto/0000/00/0000_00_180.jpg, //cdn.baz-on.ru/pub/c1890/productphoto/0000/00/0000_00_181.jpg, //cdn.baz-on.ru/pub/c1890/productphoto/0000/00/0000_00_182.jpg;Ручка двери задняя наружная правая;Honda;Civic 8;FD1 (седан);1.8 (R18A);2006;700;;;;Идеальное состояние, пробег 44 000 км;;Санкт-Петербург;;FD1-1005072;HONDA;72140SNAA11ZH;;;Контракт;1
192;//cdn.baz-on.ru/pub/c1890/productphoto/0000/00/0000_00_183.jpg, //cdn.baz-on.ru/pub/c1890/productphoto/0000/00/0000_00_184.jpg, //cdn.baz-on.ru/pub/c1890/productphoto/0000/00/0000_00_185.jpg, //cdn.baz-on.ru/pub/c1890/productphoto/0000/00/0000_00_186.jpg, //cdn.baz-on.ru/pub/c1890/productphoto/0000/00/0000_00_187.jpg, //cdn.baz-on.ru/pub/c1890/productphoto/0000/00/0000_00_188.jpg, //cdn.baz-on.ru/pub/c1890/productphoto/0000/00/0000_00_189.jpg, //cdn.baz-on.ru/pub/c1890/productphoto/0000/00/0000_00_190.jpg, //cdn.baz-on.ru/pub/c1890/productphoto/0000/00/0000_00_191.jpg, //cdn.baz-on.ru/pub/c1890/productphoto/0000/00/0000_00_192.jpg;Ручка двери передней внутренняя левая;Honda;Civic 8;FD1 (седан);1.8 (R18A);2006;200;;;;Идеальное состояние, пробег 44 000 км;;Санкт-Петербург;;FD1-1005072;HONDA;72160SNAA21ZB;;;Контракт;1
191;//cdn.baz-on.ru/pub/c1890/productphoto/0000/00/0000_00_183.jpg, //cdn.baz-on.ru/pub/c1890/productphoto/0000/00/0000_00_184.jpg, //cdn.baz-on.ru/pub/c1890/productphoto/0000/00/0000_00_185.jpg, //cdn.baz-on.ru/pub/c1890/productphoto/0000/00/0000_00_186.jpg, //cdn.baz-on.ru/pub/c1890/productphoto/0000/00/0000_00_187.jpg, //cdn.baz-on.ru/pub/c1890/productphoto/0000/00/0000_00_188.jpg, //cdn.baz-on.ru/pub/c1890/productphoto/0000/00/0000_00_189.jpg, //cdn.baz-on.ru/pub/c1890/productphoto/0000/00/0000_00_190.jpg, //cdn.baz-on.ru/pub/c1890/productphoto/0000/00/0000_00_191.jpg, //cdn.baz-on.ru/pub/c1890/productphoto/0000/00/0000_00_192.jpg;Ручка двери передней внутренняя правая;Honda;Civic 8;FD1 (седан);1.8 (R18A);2006;200;;;;Идеальное состояние, пробег 44 000 км;;Санкт-Петербург;;FD1-1005072;HONDA;72120SNAA21ZB;;;Контракт;1
190;//cdn.baz-on.ru/pub/c1890/productphoto/0000/00/0000_00_197.jpg, //cdn.baz-on.ru/pub/c1890/productphoto/0000/00/0000_00_198.jpg, //cdn.baz-on.ru/pub/c1890/productphoto/0000/00/0000_00_199.jpg, //cdn.baz-on.ru/pub/c1890/productphoto/0000/00/0000_00_200.jpg, //cdn.baz-on.ru/pub/c1890/productphoto/0000/00/0000_00_201.jpg, //cdn.baz-on.ru/pub/c1890/productphoto/0000/00/0000_00_202.jpg;Замок двери передней левой;Honda;Civic 8;FD1 (седан);1.8 (R18A);2006;900;;;;Идеальное состояние, пробег 44 000 км;;Санкт-Петербург;;FD1-1005072;HONDA;72150SNB003;;;Контракт;1
189;//cdn.baz-on.ru/pub/c1890/productphoto/0000/00/0000_00_193.jpg, //cdn.baz-on.ru/pub/c1890/productphoto/0000/00/0000_00_194.jpg, //cdn.baz-on.ru/pub/c1890/productphoto/0000/00/0000_00_195.jpg, //cdn.baz-on.ru/pub/c1890/productphoto/0000/00/0000_00_196.jpg;Замок двери передней правой;Honda;Civic 8;FD1 (седан);1.8 (R18A);2006;400;;;;Идеальное состояние, пробег 44 000 км;;Санкт-Петербург;;FD1-1005072;HONDA;72110SNAT01;;;Контракт;1
188;//cdn.baz-on.ru/pub/c1890/productphoto/0000/00/0000_00_176.jpg, //cdn.baz-on.ru/pub/c1890/productphoto/0000/00/0000_00_177.jpg, //cdn.baz-on.ru/pub/c1890/productphoto/0000/00/0000_00_178.jpg, //cdn.baz-on.ru/pub/c1890/productphoto/0000/00/0000_00_179.jpg, //cdn.baz-on.ru/pub/c1890/productphoto/0000/00/0000_00_180.jpg, //cdn.baz-on.ru/pub/c1890/productphoto/0000/00/0000_00_181.jpg, //cdn.baz-on.ru/pub/c1890/productphoto/0000/00/0000_00_182.jpg;Ручка двери передней наружная левая;Honda;Civic 8;FD1 (седан);1.8 (R18A);2006;1800;;;;Идеальное состояние, пробег 44 000 км;;Санкт-Петербург;;FD1-1005072;HONDA;72180SNAT01ZH;;;Контракт;1
187;//cdn.baz-on.ru/pub/c1890/productphoto/0000/00/0000_00_176.jpg, //cdn.baz-on.ru/pub/c1890/productphoto/0000/00/0000_00_177.jpg, //cdn.baz-on.ru/pub/c1890/productphoto/0000/00/0000_00_178.jpg, //cdn.baz-on.ru/pub/c1890/productphoto/0000/00/0000_00_179.jpg, //cdn.baz-on.ru/pub/c1890/productphoto/0000/00/0000_00_180.jpg, //cdn.baz-on.ru/pub/c1890/productphoto/0000/00/0000_00_181.jpg, //cdn.baz-on.ru/pub/c1890/productphoto/0000/00/0000_00_182.jpg;Ручка двери передней наружная правая;Honda;Civic 8;FD1 (седан);1.8 (R18A);2006;1800;;;;Идеальное состояние, пробег 44 000 км;;Санкт-Петербург;;FD1-1005072;HONDA;72140SNAT01ZH;;;Контракт;1
186;;Стеклоподъемник электр. задний левый;Honda;Civic 8;FD1 (седан);1.8 (R18A);2006;600;;;;Идеальное состояние, пробег 44 000 км;;Санкт-Петербург;;FD1-1005072;HONDA;72750SNAA01;;;Контракт;1
185;;Стеклоподъемник электр. задний правый;Honda;Civic 8;FD1 (седан);1.8 (R18A);2006;600;;;;Идеальное состояние, пробег 44 000 км;;Санкт-Петербург;;FD1-1005072;HONDA;72710SNAA01;;;Контракт;1
184;;Стеклоподъемник электр. передний левый;Honda;Civic 8;FD1 (седан);1.8 (R18A);2006;2100;;;;Идеальное состояние, пробег 44 000 км;;Санкт-Петербург;;FD1-1005072;HONDA;72250SNAC01;;;Контракт;1
183;;Стеклоподъемник электр. передний правый;Honda;Civic 8;FD1 (седан);1.8 (R18A);2006;1600;;;;Идеальное состояние, пробег 44 000 км;;Санкт-Петербург;;FD1-1005072;HONDA;72210SNAU01;;;Контракт;1
179;;Зеркало заднего вида (в салоне);Honda;Civic 8;FD1 (седан);1.8 (R18A);2006;200;;;;Идеальное состояние, пробег 44 000 км;;Санкт-Петербург;;FD1-1005072;HONDA;76400SEA014;;;Контракт;1
178;//cdn.baz-on.ru/pub/c1890/productphoto/0000/00/0000_00_171.jpg, //cdn.baz-on.ru/pub/c1890/productphoto/0000/00/0000_00_172.jpg, //cdn.baz-on.ru/pub/c1890/productphoto/0000/00/0000_00_173.jpg, //cdn.baz-on.ru/pub/c1890/productphoto/0000/00/0000_00_174.jpg, //cdn.baz-on.ru/pub/c1890/productphoto/0000/00/0000_00_175.jpg;Зеркало левое;Honda;Civic 8;FD1 (седан);1.8 (R18A);2006;9000;;;;Идеальное состояние, пробег 44 000 км;;Санкт-Петербург;;FD1-1005072;HONDA;76250SNBJ11;;;Контракт;1
177;//cdn.baz-on.ru/pub/c1890/productphoto/0000/00/0000_00_163.jpg, //cdn.baz-on.ru/pub/c1890/productphoto/0000/00/0000_00_164.jpg, //cdn.baz-on.ru/pub/c1890/productphoto/0000/00/0000_00_165.jpg, //cdn.baz-on.ru/pub/c1890/productphoto/0000/00/0000_00_166.jpg, //cdn.baz-on.ru/pub/c1890/productphoto/0000/00/0000_00_167.jpg, //cdn.baz-on.ru/pub/c1890/productphoto/0000/00/0000_00_168.jpg, //cdn.baz-on.ru/pub/c1890/productphoto/0000/00/0000_00_169.jpg, //cdn.baz-on.ru/pub/c1890/productphoto/0000/00/0000_00_170.jpg;Зеркало правое;Honda;Civic 8;FD1 (седан);1.8 (R18A);2006;5000;;;;Идеальное состояние, пробег 44 000 км;;Санкт-Петербург;;FD1-1005072;HONDA;76200SNBJ11;;;Контракт;1
176;;Кожух рулевой колонки нижний;Honda;Civic 8;FD1 (седан);1.8 (R18A);2006;250;;;;Идеальное состояние, пробег 44 000 км;;Санкт-Петербург;;FD1-1005072;HONDA;77360SNAK01ZA;;;Контракт;1
175;;Кожух рулевой колонки верхний;Honda;Civic 8;FD1 (седан);1.8 (R18A);2006;250;;;;Идеальное состояние, пробег 44 000 км;;Санкт-Петербург;;FD1-1005072;HONDA;77350SNB003ZA;;;Контракт;1
174;;Обшивка двери задней левой;Honda;Civic 8;FD1 (седан);1.8 (R18A);2006;750;;;;Идеальное состояние, пробег 44 000 км;;Санкт-Петербург;;FD1-1005072;HONDA;83753SNAU21ZD;;;Контракт;1
173;;Обшивка двери задней правой;Honda;Civic 8;FD1 (седан);1.8 (R18A);2006;750;;;;Идеальное состояние, пробег 44 000 км;;Санкт-Петербург;;FD1-1005072;HONDA;83703SNAU21ZD;;;Контракт;1
172;;Обшивка двери передней левой;Honda;Civic 8;FD1 (седан);1.8 (R18A);2006;1250;;;;Идеальное состояние, пробег 44 000 км;;Санкт-Петербург;;FD1-1005072;HONDA;83553SNB901ZC;;;Контракт;1
171;;Обшивка двери передней правой;Honda;Civic 8;FD1 (седан);1.8 (R18A);2006;1250;;;;Идеальное состояние, пробег 44 000 км;;Санкт-Петербург;;FD1-1005072;HONDA;83503SNB901ZC;;;Контракт;1
170;;Топливный насос;Honda;Civic 8;FD1 (седан);1.8 (R18A);2006;4800;;;;Идеальное состояние, пробег 44 000 км;;Санкт-Петербург;;FD1-1005072;HONDA;17045SNA000;;;Контракт;1
169;//cdn.baz-on.ru/pub/c1890/productphoto/0000/00/0000_00_162.jpg;Ручка внутренняя потолочная;Honda;Civic 8;FD1 (седан);1.8 (R18A);2006;100;;;;Идеальное состояние, пробег 44 000 км;;Санкт-Петербург;;FD1-1005072;HONDA;83240SNAA01ZB;;;Контракт;1
168;//cdn.baz-on.ru/pub/c1890/productphoto/0000/00/0000_00_162.jpg;Ручка внутренняя потолочная;Honda;Civic 8;FD1 (седан);1.8 (R18A);2006;100;;;;Идеальное состояние, пробег 44 000 км;;Санкт-Петербург;;FD1-1005072;HONDA;83240SNAA01ZB;;;Контракт;1
167;//cdn.baz-on.ru/pub/c1890/productphoto/0000/00/0000_00_162.jpg;Ручка внутренняя потолочная;Honda;Civic 8;FD1 (седан);1.8 (R18A);2006;100;;;;Идеальное состояние, пробег 44 000 км;;Санкт-Петербург;;FD1-1005072;HONDA;83240SNAA01ZB;;;Контракт;1
166;//cdn.baz-on.ru/pub/c1890/productphoto/0000/00/0000_00_162.jpg;Ручка внутренняя потолочная;Honda;Civic 8;FD1 (седан);1.8 (R18A);2006;100;;;;Идеальное состояние, пробег 44 000 км;;Санкт-Петербург;;FD1-1005072;HONDA;83240SNAA01ZB;;;Контракт;1
165;;Козырек солнцезащитный правый;Honda;Civic 8;FD1 (седан);1.8 (R18A);2006;500;;;;Идеальное состояние, пробег 44 000 км;;Санкт-Петербург;;FD1-1005072;HONDA;83230SNBJ51ZB;;;Контракт;1
164;;Козырек солнцезащитный левый;Honda;Civic 8;FD1 (седан);1.8 (R18A);2006;500;;;;Идеальное состояние, пробег 44 000 км;;Санкт-Петербург;;FD1-1005072;HONDA;83280SNBJ51ZB;;;Контракт;1
162;;Полка;Honda;Civic 8;FD1 (седан);1.8 (R18A);2006;1500;;;;Идеальное состояние, пробег 44 000 км;;Санкт-Петербург;;FD1-1005072;HONDA;84505SNAA11ZB;;;Контракт;1
160;//cdn.baz-on.ru/pub/c1890/productphoto/0000/00/0000_00_222.jpg;Обшивка крышки багажника;Honda;Civic 8;FD1 (седан);1.8 (R18A);2006;1000;;;;Идеальное состояние, пробег 44 000 км;;Санкт-Петербург;;FD1-1005072;HONDA;84620SNBJ00ZA;;;Контракт;1
159;//cdn.baz-on.ru/pub/c1890/productphoto/0000/00/0000_00_223.jpg;Обшивка багажника внутренняя правая;Honda;Civic 8;FD1 (седан);1.8 (R18A);2006;2000;;;;Идеальное состояние, пробег 44 000 км;;Санкт-Петербург;;FD1-1005072;HONDA;84601SNAA11ZA;;;Контракт;1
158;//cdn.baz-on.ru/pub/c1890/productphoto/0000/00/0000_00_224.jpg;Обшивка багажника внутренняя левая;Honda;Civic 8;FD1 (седан);1.8 (R18A);2006;2000;;;;Идеальное состояние, пробег 44 000 км;;Санкт-Петербург;;FD1-1005072;HONDA;84651SNAA11ZA;;;Контракт;1
157;;Стекло двери задней левой в сборе (форточка);Honda;Civic 8;FD1 (седан);1.8 (R18A);2006;550;;;;Идеальное состояние, пробег 44 000 км;;Санкт-Петербург;;FD1-1005072;HONDA;73455SNA000;;;Контракт;1
156;;Стекло двери задней правой в сборе (форточка);Honda;Civic 8;FD1 (седан);1.8 (R18A);2006;550;;;;Идеальное состояние, пробег 44 000 км;;Санкт-Петербург;;FD1-1005072;HONDA;73405SNA000;;;Контракт;1
155;;Стекло двери задней левой;Honda;Civic 8;FD1 (седан);1.8 (R18A);2006;3300;;;;Идеальное состояние, пробег 44 000 км;;Санкт-Петербург;;FD1-1005072;HONDA;73450SNAA00;;;Контракт;1
154;;Стекло двери задней правой;Honda;Civic 8;FD1 (седан);1.8 (R18A);2006;3300;;;;Идеальное состояние, пробег 44 000 км;;Санкт-Петербург;;FD1-1005072;HONDA;73400SNAA00;;;Контракт;1
153;;Стекло двери передней левой;Honda;Civic 8;FD1 (седан);1.8 (R18A);2006;4300;;;;Идеальное состояние, пробег 44 000 км;;Санкт-Петербург;;FD1-1005072;HONDA;73350SNAG00;;;Контракт;1
152;;Стекло двери передней правой;Honda;Civic 8;FD1 (седан);1.8 (R18A);2006;4900;;;;Идеальное состояние, пробег 44 000 км;;Санкт-Петербург;;FD1-1005072;HONDA;73300SNAG00;;;Контракт;1
151;;Клапан кондиционера (TRW);Honda;Civic 8;FD1 (седан);1.8 (R18A);2006;2000;;;;Идеальное состояние, пробег 44 000 км;;Санкт-Петербург;;FD1-1005072;HONDA;80221SNB003;;;Контракт;1
150;//cdn.baz-on.ru/pub/c1890/productphoto/0000/00/0000_00_104.jpg, //cdn.baz-on.ru/pub/c1890/productphoto/0000/00/0000_00_105.jpg;Трапеция стеклоочистителя в сборе;Honda;Civic 8;FD1 (седан);1.8 (R18A);2006;2800;;;;Идеальное состояние, пробег 44 000 км;;Санкт-Петербург;;FD1-1005072;HONDA;76530SNAU02;;;Контракт;1
149;;Накладка крышки багажника;Honda;Civic 8;FD1 (седан);1.8 (R18A);2006;500;;;;Идеальное состояние, пробег 44 000 км;;Санкт-Петербург;;FD1-1005072;HONDA;74890SNB000ZN;;;Контракт;1
148;//cdn.baz-on.ru/pub/c1890/productphoto/0000/00/0000_00_231.jpg, //cdn.baz-on.ru/pub/c1890/productphoto/0000/00/0000_00_232.jpg, //cdn.baz-on.ru/pub/c1890/productphoto/0000/00/0000_00_233.jpg, //cdn.baz-on.ru/pub/c1890/productphoto/0000/00/0000_00_234.jpg, //cdn.baz-on.ru/pub/c1890/productphoto/0000/00/0000_00_235.jpg;Фонарь задний правй внутренний;Honda;Civic 8;FD1 (седан);1.8 (R18A);2006;3000;;;;Идеальное состояние, пробег 44 000 км;;Санкт-Петербург;;FD1-1005072;HONDA;34151SNB013;;;Контракт;1
147;//cdn.baz-on.ru/pub/c1890/productphoto/0000/00/0000_00_231.jpg, //cdn.baz-on.ru/pub/c1890/productphoto/0000/00/0000_00_232.jpg, //cdn.baz-on.ru/pub/c1890/productphoto/0000/00/0000_00_233.jpg, //cdn.baz-on.ru/pub/c1890/productphoto/0000/00/0000_00_234.jpg, //cdn.baz-on.ru/pub/c1890/productphoto/0000/00/0000_00_235.jpg;Фонарь задний левый внутренний;Honda;Civic 8;FD1 (седан);1.8 (R18A);2006;4800;;;;Идеальное состояние, пробег 44 000 км;;Санкт-Петербург;;FD1-1005072;HONDA;34156SNB013;;;Контракт;1
146;//cdn.baz-on.ru/pub/c1890/productphoto/0000/00/0000_00_229.jpg, //cdn.baz-on.ru/pub/c1890/productphoto/0000/00/0000_00_230.jpg;Фонарь задний правый наружный;Honda;Civic 8;FD1 (седан);1.8 (R18A);2006;8000;;;;Идеальное состояние, пробег 44 000 км;;Санкт-Петербург;;FD1-1005072;HONDA;33501SNB003;;;Контракт;1
145;//cdn.baz-on.ru/pub/c1890/productphoto/0000/00/0000_00_229.jpg, //cdn.baz-on.ru/pub/c1890/productphoto/0000/00/0000_00_230.jpg;Фонарь задний левый наружный;Honda;Civic 8;FD1 (седан);1.8 (R18A);2006;9000;;;;Идеальное состояние, пробег 44 000 км;;Санкт-Петербург;;FD1-1005072;HONDA;33551SNB003;;;Контракт;1
141;//cdn.baz-on.ru/pub/c1890/productphoto/0000/00/0000_00_220.jpg, //cdn.baz-on.ru/pub/c1890/productphoto/0000/00/0000_00_221.jpg;Щиток приборов (нижний);Honda;Civic 8;FD1 (седан);1.8 (R18A);2006;1250;;;;Идеальное состояние, пробег 44 000 км;;Санкт-Петербург;;FD1-1005072;HONDA;78220SNBJ71;;;Контракт;1
140;;Щиток приборов (верхний);Honda;Civic 8;FD1 (седан);1.8 (R18A);2006;500;;;;Идеальное состояние, пробег 44 000 км;;Санкт-Петербург;;FD1-1005072;HONDA;78120SNAA12;;;Контракт;1
139;//cdn.baz-on.ru/pub/c1890/productphoto/0000/00/0000_00_111.jpg, //cdn.baz-on.ru/pub/c1890/productphoto/0000/00/0000_00_112.jpg, //cdn.baz-on.ru/pub/c1890/productphoto/0000/00/0000_00_113.jpg;Корпус воздушного фильтра;Honda;Civic 8;FD1 (седан);1.8 (R18A);2006;1400;;;;Идеальное состояние, пробег 44 000 км;;Санкт-Петербург;;FD1-1005072;HONDA;17202RNAA00;;;Контракт;1
138;;Мотор заслонки отопителя;Honda;Civic 8;FD1 (седан);1.8 (R18A);2006;1000;;;;Идеальное состояние, пробег 44 000 км;;Санкт-Петербург;;FD1-1005072;HONDA;79160SNB013;;;Контракт;1
137;;Мотор отопителя;Honda;Civic 8;FD1 (седан);1.8 (R18A);2006;1200;;;;Идеальное состояние, пробег 44 000 км;;Санкт-Петербург;;FD1-1005072;HONDA;79140SNB013;;;Контракт;1
136;;Испаритель кондиционера;Honda;Civic 8;FD1 (седан);1.8 (R18A);2006;750;;;;Идеальное состояние, пробег 44 000 км;;Санкт-Петербург;;FD1-1005072;HONDA;80211SNB003;;;Контракт;1
135;//cdn.baz-on.ru/pub/c1890/productphoto/0000/00/0000_00_244.jpg;Радиатор печки;Honda;Civic 8;FD1 (седан);1.8 (R18A);2006;1950;;;;Идеальное состояние, пробег 44 000 км;;Санкт-Петербург;;FD1-1005072;HONDA;79110SNB013;;;Контракт;1
133;//cdn.baz-on.ru/pub/c1890/productphoto/0000/00/0000_00_108.jpg, //cdn.baz-on.ru/pub/c1890/productphoto/0000/00/0000_00_109.jpg, //cdn.baz-on.ru/pub/c1890/productphoto/0000/00/0000_00_110.jpg;Подушка безопасности  в руль (AIR BAG);Honda;Civic 8;FD1 (седан);1.8 (R18A);2006;7500;;;;Идеальное состояние, пробег 44 000 км;;Санкт-Петербург;;FD1-1005072;HONDA;77810SNBN80ZA;;;Контракт;1
132;//cdn.baz-on.ru/pub/c1890/productphoto/0000/00/0000_00_160.jpg, //cdn.baz-on.ru/pub/c1890/productphoto/0000/00/0000_00_161.jpg;Крыша (БЕЗ ЛЮКА);Honda;Civic 8;FD1 (седан);1.8 (R18A);2006;10000;;;;Идеальное состояние, пробег 44 000 км;;;;FD1-1005072;HONDA;62100SNAA00ZZ;;;Контракт;1
131;//cdn.baz-on.ru/pub/c1890/productphoto/0000/00/0000_00_413.jpg, //cdn.baz-on.ru/pub/c1890/productphoto/0000/00/0000_00_414.jpg, //cdn.baz-on.ru/pub/c1890/productphoto/0000/00/0000_00_415.jpg, //cdn.baz-on.ru/pub/c1890/productphoto/0000/00/0000_00_416.jpg;Локер передний левый;Honda;Civic 8;FD1 (седан);1.8 (R18A);2006;6000;;;;Идеальное состояние, пробег 44 000 км;;Санкт-Петербург;;FD1-1005072;HONDA;74151SNAA00;;;Контракт;1
130;//cdn.baz-on.ru/pub/c1890/productphoto/0000/00/0000_00_408.jpg, //cdn.baz-on.ru/pub/c1890/productphoto/0000/00/0000_00_409.jpg, //cdn.baz-on.ru/pub/c1890/productphoto/0000/00/0000_00_410.jpg, //cdn.baz-on.ru/pub/c1890/productphoto/0000/00/0000_00_411.jpg, //cdn.baz-on.ru/pub/c1890/productphoto/0000/00/0000_00_412.jpg;Локер передний правый;Honda;Civic 8;FD1 (седан);1.8 (R18A);2006;6000;;;;Идеальное состояние, пробег 44 000 км;;Санкт-Петербург;;FD1-1005072;HONDA;74101SNAA00;;;Контракт;1
126;//cdn.baz-on.ru/pub/c1890/productphoto/0000/00/0000_00_127.jpg;Резонатор воздушного фильтра;Honda;Civic 8;FD1 (седан);1.8 (R18A);2006;5000;;;;Идеальное состояние, пробег 44 000 км;;Санкт-Петербург;;FD1-1005072;HONDA;17230RNAA00;;;Контракт;1
123;//cdn.baz-on.ru/pub/c1890/productphoto/0000/00/0000_00_050.jpg, //cdn.baz-on.ru/pub/c1890/productphoto/0000/00/0000_00_051.jpg;Вал приводной в сборе, левый;Honda;Civic 8;FD1 (седан);1.8 (R18A);2006;28000;;;;Идеальное состояние, пробег 44 000 км;;Санкт-Петербург;;FD1-1005072;HONDA;44306SNA000;;;Контракт;1
122;//cdn.baz-on.ru/pub/c1890/productphoto/0000/00/0000_00_052.jpg, //cdn.baz-on.ru/pub/c1890/productphoto/0000/00/0000_00_053.jpg;Вал приводной в сборе, правый;Honda;Civic 8;FD1 (седан);1.8 (R18A);2006;11000;;;;Идеальное состояние, пробег 44 000 км;;Санкт-Петербург;;FD1-1005072;HONDA;44305SNA000;;;Контракт;1
121;//cdn.baz-on.ru/pub/c1890/productphoto/0000/00/0000_00_155.jpg, //cdn.baz-on.ru/pub/c1890/productphoto/0000/00/0000_00_156.jpg, //cdn.baz-on.ru/pub/c1890/productphoto/0000/00/0000_00_157.jpg, //cdn.baz-on.ru/pub/c1890/productphoto/0000/00/0000_00_158.jpg, //cdn.baz-on.ru/pub/c1890/productphoto/0000/00/0000_00_159.jpg;Компрессор кондиционера;Honda;Civic 8;FD1 (седан);1.8 (R18A);2006;18000;;;;Идеальное состояние, пробег 44 000 км;;;;FD1-1005072;HONDA;38810RNA026;;;Контракт;1
117;//cdn.baz-on.ru/pub/c1890/productphoto/0000/00/0000_00_049.jpg;Датчик ABS передний правый;Honda;Civic 8;FD1 (седан);1.8 (R18A);2006;2900;Перед.;Прав.;;Идеальное состояние, пробег 44 000 км;;;;FD1-1005072;HONDA;57450SNA003;;;Контракт;1
116;//cdn.baz-on.ru/pub/c1890/productphoto/0000/00/0000_00_049.jpg;Датчик ABS передний левый;Honda;Civic 8;FD1 (седан);1.8 (R18A);2006;3100;Перед.;Лев.;;Идеальное состояние, пробег 44 000 км;;Санкт-Петербург;;FD1-1005072;HONDA;57455SNA003;;;Контракт;1
113;//cdn.baz-on.ru/pub/c1890/productphoto/0000/00/0000_00_065.jpg, //cdn.baz-on.ru/pub/c1890/productphoto/0000/00/0000_00_066.jpg, //cdn.baz-on.ru/pub/c1890/productphoto/0000/00/0000_00_067.jpg;Суппорт тормозной передний левый;Honda;Civic 8;FD1 (седан);1.8 (R18A);2006;4250;;;;Идеальное состояние, пробег 44 000 км;;Санкт-Петербург;;FD1-1005072;HONDA;45019SNB000;;10.03.2022;Контракт;1
111;//cdn.baz-on.ru/pub/c1890/productphoto/0000/00/0000_00_060.jpg, //cdn.baz-on.ru/pub/c1890/productphoto/0000/00/0000_00_061.jpg, //cdn.baz-on.ru/pub/c1890/productphoto/0000/00/0000_00_062.jpg;Датчик положения кузова задний;Honda;Civic 8;FD1 (седан);1.8 (R18A);2006;3500;;;;Идеальное состояние, пробег 44 000 км;;Санкт-Петербург;;FD1-1005072;HONDA;33146SNB003;;;Контракт;1
110;//cdn.baz-on.ru/pub/c1890/productphoto/0000/00/0000_00_063.jpg, //cdn.baz-on.ru/pub/c1890/productphoto/0000/00/0000_00_064.jpg;Датчик положения кузова передний;Honda;Civic 8;FD1 (седан);1.8 (R18A);2006;3500;;;;Идеальное состояние, пробег 44 000 км;;Санкт-Петербург;;FD1-1005072;HONDA;33136SNB003;;;Контракт;1
95;//cdn.baz-on.ru/pub/c1890/productphoto/0000/00/0000_00_044.jpg, //cdn.baz-on.ru/pub/c1890/productphoto/0000/00/0000_00_045.jpg, //cdn.baz-on.ru/pub/c1890/productphoto/0000/00/0000_00_046.jpg;Стабилизатор передний в сборе;Honda;Civic 8;FD1 (седан);1.8 (R18A);2006;2500;;;;Идеальное состояние, пробег 44 000 км;;Санкт-Петербург;;FD1-1005072;HONDA;51300SNAA02;;;Контракт;1
94;;Коллектор впускной;Honda;Civic 8;FD1 (седан);1.8 (R18A);2006;800;;;;Идеальное состояние, пробег 44 000 км;;Санкт-Петербург;;FD1-1005072;HONDA;17100RNAA00;;;Контракт;1
92;;Рычаг стояночного тормоза;Honda;Civic 8;FD1 (седан);1.8 (R18A);2006;750;;;;Идеальное состояние, пробег 44 000 км;;Санкт-Петербург;;FD1-1005072;HONDA;47105SNAJ82ZD;;;Контракт;1
88;//cdn.baz-on.ru/pub/c1890/productphoto/0000/00/0000_00_106.jpg, //cdn.baz-on.ru/pub/c1890/productphoto/0000/00/0000_00_107.jpg;Радиатор кондиционера (конденсатор);Honda;Civic 8;FD1 (седан);1.8 (R18A);2006;5000;;;;Идеальное состояние, пробег 44 000 км;;Санкт-Петербург;;FD1-1005072;HONDA;80110SNBA41;;;Контракт;1
87;;Решетка динамика заднего левая;Honda;Civic 8;FD1 (седан);1.8 (R18A);2006;350;;;;Идеальное состояние, пробег 44 000 км;;Санкт-Петербург;;FD1-1005072;HONDA;84552SNAA01ZB;;;Контракт;1
86;;Решетка динамика заднего правая;Honda;Civic 8;FD1 (седан);1.8 (R18A);2006;350;;;;Идеальное состояние, пробег 44 000 км;;Санкт-Петербург;;FD1-1005072;HONDA;84502SNAA01ZB;;;Контракт;1
85;;Фонарь стоп-сигнала;Honda;Civic 8;FD1 (седан);1.8 (R18A);2006;200;;;;Идеальное состояние, пробег 44 000 км;;Санкт-Петербург;;FD1-1005072;HONDA;34271S5AA01;;;Контракт;1
84;//cdn.baz-on.ru/pub/c1890/productphoto/0000/00/0000_00_103.jpg;Заслонка дроссельная электрическая;Honda;Civic 8;FD1 (седан);1.8 (R18A);2006;1500;;;;Идеальное состояние, пробег 44 000 км;;Санкт-Петербург;;FD1-1005072;HONDA;16400RNAA01;;;Контракт;1
82;;Хомут металлический патрубка воздушного фильтра (74);Honda;Civic 8;FD1 (седан);1.8 (R18A);2006;160;;;;Идеальное состояние, пробег 44 000 км;;Санкт-Петербург;;FD1-1005072;HONDA;17316P1E000;;;Контракт;1
81;;Хомут металлический патрубка воздушного фильтра (70);Honda;Civic 8;FD1 (седан);1.8 (R18A);2006;150;;;;Идеальное состояние, пробег 44 000 км;;Санкт-Петербург;;FD1-1005072;HONDA;17315P5K000;;;Контракт;1
80;//cdn.baz-on.ru/pub/c1890/productphoto/0000/00/0000_00_125.jpg, //cdn.baz-on.ru/pub/c1890/productphoto/0000/00/0000_00_126.jpg;Патрубок воздушного фильтра;Honda;Civic 8;FD1 (седан);1.8 (R18A);2006;200;;;;Идеальное состояние, пробег 44 000 км;;Санкт-Петербург;;FD1-1005072;HONDA;17225RNAA00;;;Контракт;1
79;;Обшивка стойки задняя правая;Honda;Civic 8;FD1 (седан);1.8 (R18A);2006;200;;;;Идеальное состояние, пробег 44 000 км;;Санкт-Петербург;;FD1-1005072;HONDA;84130SNAA01020;84135SNAA010;;Контракт;1
78;;Обшивка стойки задняя левая;Honda;Civic 8;FD1 (седан);1.8 (R18A);2006;200;;;;Идеальное состояние, пробег 44 000 км;;Санкт-Петербург;;FD1-1005072;HONDA;84180SNAA01020;84185SNAA010;;Контракт;1
76;//cdn.baz-on.ru/pub/c1890/productphoto/0000/00/0000_00_102.jpg;Ковер в багажник;Honda;Civic 8;FD1 (седан);1.8 (R18A);2006;2700;;;;Идеальное состояние, пробег 44 000 км;;Санкт-Петербург;;FD1-1005072;HONDA;08U45SNA1000;;;Контракт;1
75;;Накладка порога задняя левая;Honda;Civic 8;FD1 (седан);1.8 (R18A);2006;250;;;;Идеальное состояние, пробег 44 000 км;;Санкт-Петербург;;FD1-1005072;HONDA;84261SNAA01ZC;;;Контракт;1
74;;Накладка порога задняя правая;Honda;Civic 8;FD1 (седан);1.8 (R18A);2006;250;;;;Идеальное состояние, пробег 44 000 км;;Санкт-Петербург;;FD1-1005072;HONDA;84211SNAA01ZC;;;Контракт;1
73;//cdn.baz-on.ru/pub/c1890/productphoto/0000/00/0000_00_153.jpg, //cdn.baz-on.ru/pub/c1890/productphoto/0000/00/0000_00_154.jpg;Панель стойки кузова левая;Honda;Civic 8;FD1 (седан);1.8 (R18A);2006;550;;;;Идеальное состояние, пробег 44 000 км;;Санкт-Петербург;;FD1-1005072;HONDA;84171SNBJ01ZB;;;Контракт;1
72;//cdn.baz-on.ru/pub/c1890/productphoto/0000/00/0000_00_151.jpg, //cdn.baz-on.ru/pub/c1890/productphoto/0000/00/0000_00_152.jpg;Панель стойки кузова правая;Honda;Civic 8;FD1 (седан);1.8 (R18A);2006;550;;;;Идеальное состояние, пробег 44 000 км;;Санкт-Петербург;;FD1-1005072;HONDA;84121SNBJ01ZB;;;Контракт;1
71;//cdn.baz-on.ru/pub/c1890/productphoto/0000/00/0000_00_018.jpg, //cdn.baz-on.ru/pub/c1890/productphoto/0000/00/0000_00_019.jpg, //cdn.baz-on.ru/pub/c1890/productphoto/0000/00/0000_00_020.jpg;Дверь передняя левая;Honda;Civic 8;FD1 (седан);1.8 (R18A);2006;23000;Перед.;Лев.;;Идеальное состояние, пробег 44 000 км;;;;FD1-1005072;HONDA;67050SNAJ00ZZ;;;Контракт;1
70;//cdn.baz-on.ru/pub/c1890/productphoto/0000/00/0000_00_023.jpg, //cdn.baz-on.ru/pub/c1890/productphoto/0000/00/0000_00_024.jpg, //cdn.baz-on.ru/pub/c1890/productphoto/0000/00/0000_00_021.jpg, //cdn.baz-on.ru/pub/c1890/productphoto/0000/00/0000_00_022.jpg;Дверь передняя правая;Honda;Civic 8;FD1 (седан);1.8 (R18A);2006;17000;Перед.;Прав.;;Идеальное состояние, пробег 44 000 км;;Санкт-Петербург;;FD1-1005072;HONDA;67010SNAJ00ZZ;;;Контракт;1
68;;Брызговик задней части порога левый;Honda;Civic 8;FD1 (седан);1.8 (R18A);2006;500;;;;Идеальное состояние, пробег 44 000 км;;Санкт-Петербург;;FD1-1005072;HONDA;74485SNAA00;;;Контракт;1
67;;Брызговик задней части порога правый;Honda;Civic 8;FD1 (седан);1.8 (R18A);2006;500;;;;Идеальное состояние, пробег 44 000 км;;Санкт-Петербург;;FD1-1005072;HONDA;74475SNAA00;;;Контракт;1
66;;Пыльник заднего бампера левый (локер);Honda;Civic 8;FD1 (седан);1.8 (R18A);2006;500;;;;Идеальное состояние, пробег 44 000 км;;Санкт-Петербург;;FD1-1005072;HONDA;74591SNB000;;;Контракт;1
65;;Пыльник заднего бампера правый (локер);Honda;Civic 8;FD1 (седан);1.8 (R18A);2006;500;;;;Идеальное состояние, пробег 44 000 км;;Санкт-Петербург;;FD1-1005072;HONDA;74551SNB000;;;Контракт;1
59;//cdn.baz-on.ru/pub/c1890/productphoto/0000/00/0000_00_049.jpg;Датчик ABS задний левый;Honda;Civic 8;FD1 (седан);1.8 (R18A);2006;1300;;;;Идеальное состояние, пробег 44 000 км;;Санкт-Петербург;;FD1-1005072;HONDA;57475SNA003;;;Контракт;1
58;//cdn.baz-on.ru/pub/c1890/productphoto/0000/00/0000_00_049.jpg;Датчик ABS задний правый;Honda;Civic 8;FD1 (седан);1.8 (R18A);2006;1300;;;;Идеальное состояние, пробег 44 000 км;;Санкт-Петербург;;FD1-1005072;HONDA;57470SNA003;;;Контракт;1
57;;Втулка (сухарь) рулевой рекйки, ремкомплект (втулка, пружинка, гайка, колечки);Honda;Civic 8;FD1 (седан);1.8 (R18A);2006;1500;;;;Идеальное состояние, пробег 44 000 км;;Санкт-Петербург;;FD1-1005072;HONDA;53416SNAU01;53417SMGE01, 53413SCC003, 53418S5A003, 53414S5A003, 53458SM4J60;;Контракт;1
56;//cdn.baz-on.ru/pub/c1890/productphoto/0000/00/0000_00_122.jpg, //cdn.baz-on.ru/pub/c1890/productphoto/0000/00/0000_00_123.jpg;Датчик кислородный (до катализатора);Honda;Civic 8;FD1 (седан);1.8 (R18A);2006;7500;;;;Идеальное состояние, пробег 44 000 км;;Санкт-Петербург;;FD1-1005072;HONDA;36531RNAA01;;;Контракт;1
53;//cdn.baz-on.ru/pub/c1890/productphoto/0000/00/0000_00_025.jpg, //cdn.baz-on.ru/pub/c1890/productphoto/0000/00/0000_00_026.jpg, //cdn.baz-on.ru/pub/c1890/productphoto/0000/00/0000_00_027.jpg, //cdn.baz-on.ru/pub/c1890/productphoto/0000/00/0000_00_028.jpg, //cdn.baz-on.ru/pub/c1890/productphoto/0000/00/0000_00_029.jpg, //cdn.baz-on.ru/pub/c1890/productphoto/0000/00/0000_00_030.jpg, //cdn.baz-on.ru/pub/c1890/productphoto/0000/00/0000_00_031.jpg;Катализатор;Honda;Civic 8;FD1 (седан);1.8 (R18A);2006;40000;;;;Идеальное состояние, пробег 44 000 км;;Санкт-Петербург;;FD1-1005072;HONDA;18160RNAG00;;;Контракт;1
50;;Кронштейн фары левый;Honda;Civic 8;FD1 (седан);1.8 (R18A);2006;1300;;;;Идеальное состояние, пробег 44 000 км;;Санкт-Петербург;;FD1-1005072;HONDA;71140SNB000;;;Контракт;1
49;;Кронштейн фары правый;Honda;Civic 8;FD1 (седан);1.8 (R18A);2006;1300;;;;Идеальное состояние, пробег 44 000 км;;Санкт-Петербург;;FD1-1005072;HONDA;71190SNB000;;;Контракт;1
44;;Уплотнитель крышки багажника;Honda;Civic 8;FD1 (седан);1.8 (R18A);2006;2000;;;;Идеальное состояние, пробег 44 000 км;;Санкт-Петербург;;FD1-1005072;HONDA;74865SNA003;;;Контракт;1
42;//cdn.baz-on.ru/pub/c1890/productphoto/0000/00/0000_00_013.jpg, //cdn.baz-on.ru/pub/c1890/productphoto/0000/00/0000_00_014.jpg, //cdn.baz-on.ru/pub/c1890/productphoto/0000/00/0000_00_015.jpg, //cdn.baz-on.ru/pub/c1890/productphoto/0000/00/0000_00_016.jpg, //cdn.baz-on.ru/pub/c1890/productphoto/0000/00/0000_00_017.jpg;Дверь задняя левая;Honda;Civic 8;FD1 (седан);1.8 (R18A);2006;12000;Задн.;Лев.;;Идеальное состояние, пробег 44 000 км;;Санкт-Петербург;;FD1-1005072;HONDA;67550SNAU00ZZ;;;Контракт;1
41;//cdn.baz-on.ru/pub/c1890/productphoto/0000/00/0000_00_009.jpg, //cdn.baz-on.ru/pub/c1890/productphoto/0000/00/0000_00_008.jpg, //cdn.baz-on.ru/pub/c1890/productphoto/0000/00/0000_00_010.jpg, //cdn.baz-on.ru/pub/c1890/productphoto/0000/00/0000_00_011.jpg, //cdn.baz-on.ru/pub/c1890/productphoto/0000/00/0000_00_012.jpg;Дверь задняя правая;Honda;Civic 8;FD1 (седан);1.8 (R18A);2006;10000;Задн.;Прав.;;Идеальное состояние, пробег 44 000 км;;Санкт-Петербург;;FD1-1005072;HONDA;67510SNAU00ZZ;;;Контракт;1
